Designator,Value,Footprint,Mid X,Mid Y,Rotation,Layer
"U201","ESP32_NODEMCU","MODULE_ESP32_NODEMCU",-420.060000,-111.180000,90.000000,bottom
"C1","C","C_0603_1608Metric",181.260000,-106.685000,90.000000,top
"C2","C","C_0603_1608Metric",183.660000,-106.685000,90.000000,top
"C3","C","C_0603_1608Metric",186.060000,-106.685000,90.000000,top
"C4","C","C_0603_1608Metric",188.460000,-106.685000,90.000000,top
"C5","C","C_0603_1608Metric",190.860000,-106.685000,90.000000,top
"C6","C","C_0603_1608Metric",193.260000,-106.685000,90.000000,top
"C7","C","C_0603_1608Metric",195.660000,-106.685000,90.000000,top
"C8","C","C_0603_1608Metric",198.060000,-106.685000,90.000000,top
"C9","C","C_0603_1608Metric",200.460000,-106.685000,90.000000,top
"C10","C","C_0603_1608Metric",202.860000,-106.685000,90.000000,top
"C11","C","C_0603_1608Metric",205.260000,-106.685000,90.000000,top
"C12","C","C_0603_1608Metric",207.660000,-106.685000,90.000000,top
"C13","C","C_0603_1608Metric",210.060000,-106.685000,90.000000,top
"C14","C","C_0603_1608Metric",212.460000,-106.685000,90.000000,top
"C15","C","C_0603_1608Metric",214.860000,-106.685000,90.000000,top
"C16","C","C_0603_1608Metric",217.260000,-106.685000,90.000000,top
"C17","C","C_0603_1608Metric",219.660000,-106.685000,90.000000,top
"C18","C","C_0603_1608Metric",222.060000,-106.685000,90.000000,top
"C19","C","C_0603_1608Metric",224.460000,-106.685000,90.000000,top
"C20","C","C_0603_1608Metric",226.860000,-106.685000,90.000000,top
"C21","C","C_0603_1608Metric",229.260000,-106.685000,90.000000,top
"C22","C","C_0603_1608Metric",231.660000,-106.685000,90.000000,top
"C23","C","C_0603_1608Metric",234.060000,-106.685000,90.000000,top
"C24","C","C_0603_1608Metric",236.460000,-106.685000,90.000000,top
"C25","C","C_0603_1608Metric",238.860000,-106.685000,90.000000,top
"C26","C","C_0603_1608Metric",241.260000,-106.685000,90.000000,top
"C27","C","C_0603_1608Metric",243.660000,-106.685000,90.000000,top
"C28","C","C_0603_1608Metric",246.060000,-106.685000,90.000000,top
"C29","C","C_0603_1608Metric",248.460000,-106.685000,90.000000,top
"C30","C","C_0603_1608Metric",250.860000,-106.685000,90.000000,top
"C31","C","C_0603_1608Metric",253.260000,-106.685000,90.000000,top
"C32","C","C_0603_1608Metric",255.660000,-106.685000,90.000000,top
"C33","C","C_0603_1608Metric",258.060000,-106.685000,90.000000,top
"C34","C","C_0603_1608Metric",260.460000,-106.685000,90.000000,top
"C35","C","C_0603_1608Metric",262.860000,-106.685000,90.000000,top
"C36","C","C_0603_1608Metric",265.260000,-106.685000,90.000000,top
"C37","C","C_0603_1608Metric",267.660000,-106.685000,90.000000,top
"C38","C","C_0603_1608Metric",270.060000,-106.685000,90.000000,top
"C39","C","C_0603_1608Metric",272.460000,-106.685000,90.000000,top
"C40","C","C_0603_1608Metric",274.860000,-106.685000,90.000000,top
"C41","C","C_0603_1608Metric",277.260000,-106.685000,90.000000,top
"C42","C","C_0603_1608Metric",279.660000,-106.685000,90.000000,top
"C43","C","C_0603_1608Metric",282.060000,-106.685000,90.000000,top
"C44","C","C_0603_1608Metric",284.460000,-106.685000,90.000000,top
"C45","C","C_0603_1608Metric",286.860000,-106.685000,90.000000,top
"C46","C","C_0603_1608Metric",289.260000,-106.685000,90.000000,top
"C47","C","C_0603_1608Metric",291.660000,-106.685000,90.000000,top
"C48","C","C_0603_1608Metric",294.060000,-106.685000,90.000000,top
"C49","C","C_0603_1608Metric",296.460000,-106.685000,90.000000,top
"C50","C","C_0603_1608Metric",298.860000,-106.685000,90.000000,top
"C51","C","C_0603_1608Metric",301.260000,-106.685000,90.000000,top
"C52","C","C_0603_1608Metric",303.660000,-106.685000,90.000000,top
"C53","C","C_0603_1608Metric",306.060000,-106.685000,90.000000,top
"C54","C","C_0603_1608Metric",308.460000,-106.685000,90.000000,top
"C55","C","C_0603_1608Metric",310.860000,-106.685000,90.000000,top
"C56","C","C_0603_1608Metric",313.260000,-106.685000,90.000000,top
"C57","C","C_0603_1608Metric",315.660000,-106.685000,90.000000,top
"C58","C","C_0603_1608Metric",318.060000,-106.685000,90.000000,top
"C59","C","C_0603_1608Metric",320.460000,-106.685000,90.000000,top
"C60","C","C_0603_1608Metric",322.860000,-106.685000,90.000000,top
"C61","C","C_0603_1608Metric",325.260000,-106.685000,90.000000,top
"C62","C","C_0603_1608Metric",327.660000,-106.685000,90.000000,top
"C63","C","C_0603_1608Metric",330.060000,-106.685000,90.000000,top
"C64","C","C_0603_1608Metric",332.460000,-106.685000,90.000000,top
"C65","C","C_0603_1608Metric",334.860000,-106.685000,90.000000,top
"C66","C","C_0603_1608Metric",337.260000,-106.685000,90.000000,top
"C67","C","C_0603_1608Metric",339.660000,-106.685000,90.000000,top
"C68","C","C_0603_1608Metric",342.060000,-106.685000,90.000000,top
"C69","C","C_0603_1608Metric",344.460000,-106.685000,90.000000,top
"C70","C","C_0603_1608Metric",346.860000,-106.685000,90.000000,top
"C71","C","C_0603_1608Metric",349.260000,-106.685000,90.000000,top
"C72","C","C_0603_1608Metric",351.660000,-106.685000,90.000000,top
"C73","C","C_0603_1608Metric",354.060000,-106.685000,90.000000,top
"C74","C","C_0603_1608Metric",356.460000,-106.685000,90.000000,top
"C75","C","C_0603_1608Metric",358.860000,-106.685000,90.000000,top
"C76","C","C_0603_1608Metric",361.260000,-106.685000,90.000000,top
"C77","C","C_0603_1608Metric",363.660000,-106.685000,90.000000,top
"C78","C","C_0603_1608Metric",366.060000,-106.685000,90.000000,top
"C79","C","C_0603_1608Metric",368.460000,-106.685000,90.000000,top
"C80","C","C_0603_1608Metric",370.860000,-106.685000,90.000000,top
"C81","C","C_0603_1608Metric",373.260000,-106.685000,90.000000,top
"C82","C","C_0603_1608Metric",375.660000,-106.685000,90.000000,top
"C83","C","C_0603_1608Metric",378.060000,-106.685000,90.000000,top
"C84","C","C_0603_1608Metric",380.460000,-106.685000,90.000000,top
"C85","C","C_0603_1608Metric",382.860000,-106.685000,90.000000,top
"C86","C","C_0603_1608Metric",385.260000,-106.685000,90.000000,top
"C87","C","C_0603_1608Metric",387.660000,-106.685000,90.000000,top
"C88","C","C_0603_1608Metric",390.060000,-106.685000,90.000000,top
"C89","C","C_0603_1608Metric",392.460000,-106.685000,90.000000,top
"C90","C","C_0603_1608Metric",394.860000,-106.685000,90.000000,top
"C91","C","C_0603_1608Metric",397.260000,-106.685000,90.000000,top
"C92","C","C_0603_1608Metric",399.660000,-106.685000,90.000000,top
"C93","C","C_0603_1608Metric",402.060000,-106.685000,90.000000,top
"C94","C","C_0603_1608Metric",404.460000,-106.685000,90.000000,top
"C95","C","C_0603_1608Metric",406.860000,-106.685000,90.000000,top
"C96","C","C_0603_1608Metric",409.260000,-106.685000,90.000000,top
"C97","C","C_0603_1608Metric",411.660000,-106.685000,90.000000,top
"C98","C","C_0603_1608Metric",414.060000,-106.685000,90.000000,top
"C99","C","C_0603_1608Metric",416.460000,-106.685000,90.000000,top
"C100","C","C_0603_1608Metric",418.860000,-106.685000,90.000000,top
"C101","C","C_0603_1608Metric",421.260000,-106.685000,90.000000,top
"C102","C","C_0603_1608Metric",423.660000,-106.685000,90.000000,top
"C103","C","C_0603_1608Metric",426.060000,-106.685000,90.000000,top
"C104","C","C_0603_1608Metric",428.460000,-106.685000,90.000000,top
"C105","C","C_0603_1608Metric",430.860000,-106.685000,90.000000,top
"C106","C","C_0603_1608Metric",433.260000,-106.685000,90.000000,top
"C107","C","C_0603_1608Metric",435.660000,-106.685000,90.000000,top
"C108","C","C_0603_1608Metric",438.060000,-106.685000,90.000000,top
"C109","C","C_0603_1608Metric",440.460000,-106.685000,90.000000,top
"C110","C","C_0603_1608Metric",442.860000,-106.685000,90.000000,top
"C111","C","C_0603_1608Metric",445.260000,-106.685000,90.000000,top
"C112","C","C_0603_1608Metric",447.660000,-106.685000,90.000000,top
"C113","C","C_0603_1608Metric",450.060000,-106.685000,90.000000,top
"C114","C","C_0603_1608Metric",452.460000,-106.685000,90.000000,top
"C115","C","C_0603_1608Metric",454.860000,-106.685000,90.000000,top
"C116","C","C_0603_1608Metric",457.260000,-106.685000,90.000000,top
"C117","C","C_0603_1608Metric",459.660000,-106.685000,90.000000,top
"C118","C","C_0603_1608Metric",462.060000,-106.685000,90.000000,top
"C119","C","C_0603_1608Metric",464.460000,-106.685000,90.000000,top
"C120","C","C_0603_1608Metric",466.860000,-106.685000,90.000000,top
"C121","C","C_0603_1608Metric",469.260000,-106.685000,90.000000,top
"C122","C","C_0603_1608Metric",471.660000,-106.685000,90.000000,top
"C123","C","C_0603_1608Metric",474.060000,-106.685000,90.000000,top
"C124","C","C_0603_1608Metric",476.460000,-106.685000,90.000000,top
"C125","C","C_0603_1608Metric",478.860000,-106.685000,90.000000,top
"C126","C","C_0603_1608Metric",481.260000,-106.685000,90.000000,top
"C127","C","C_0603_1608Metric",483.660000,-106.685000,90.000000,top
"C128","C","C_0603_1608Metric",486.060000,-106.685000,90.000000,top
"C129","C","C_0603_1608Metric",488.460000,-106.685000,90.000000,top
"C130","C","C_0603_1608Metric",490.860000,-106.685000,90.000000,top
"C131","C","C_0603_1608Metric",493.260000,-106.685000,90.000000,top
"C132","C","C_0603_1608Metric",495.660000,-106.685000,90.000000,top
"C133","C","C_0603_1608Metric",498.060000,-106.685000,90.000000,top
"C134","C","C_0603_1608Metric",500.460000,-106.685000,90.000000,top
"C135","C","C_0603_1608Metric",502.860000,-106.685000,90.000000,top
"C136","C","C_0603_1608Metric",505.260000,-106.685000,90.000000,top
"C137","C","C_0603_1608Metric",507.660000,-106.685000,90.000000,top
"C138","C","C_0603_1608Metric",510.060000,-106.685000,90.000000,top
"C139","C","C_0603_1608Metric",512.460000,-106.685000,90.000000,top
"C140","C","C_0603_1608Metric",514.860000,-106.685000,90.000000,top
"C141","C","C_0603_1608Metric",517.260000,-106.685000,90.000000,top
"C142","C","C_0603_1608Metric",519.660000,-106.685000,90.000000,top
"C143","C","C_0603_1608Metric",522.060000,-106.685000,90.000000,top
"C144","C","C_0603_1608Metric",524.460000,-106.685000,90.000000,top
"C145","C","C_0603_1608Metric",526.860000,-106.685000,90.000000,top
"C146","C","C_0603_1608Metric",529.260000,-106.685000,90.000000,top
"C147","C","C_0603_1608Metric",531.660000,-106.685000,90.000000,top
"C148","C","C_0603_1608Metric",534.060000,-106.685000,90.000000,top
"C149","C","C_0603_1608Metric",536.460000,-106.685000,90.000000,top
"C150","C","C_0603_1608Metric",538.860000,-106.685000,90.000000,top
"C151","C","C_0603_1608Metric",541.260000,-106.685000,90.000000,top
"C152","C","C_0603_1608Metric",543.660000,-106.685000,90.000000,top
"C153","C","C_0603_1608Metric",546.060000,-106.685000,90.000000,top
"C154","C","C_0603_1608Metric",548.460000,-106.685000,90.000000,top
"C155","C","C_0603_1608Metric",550.860000,-106.685000,90.000000,top
"C156","C","C_0603_1608Metric",553.260000,-106.685000,90.000000,top
"C157","C","C_0603_1608Metric",555.660000,-106.685000,90.000000,top
"C158","C","C_0603_1608Metric",558.060000,-106.685000,90.000000,top
"C159","C","C_0603_1608Metric",560.460000,-106.685000,90.000000,top
"C160","C","C_0603_1608Metric",562.860000,-106.685000,90.000000,top
"C161","C","C_0603_1608Metric",565.260000,-106.685000,90.000000,top
"C162","C","C_0603_1608Metric",567.660000,-106.685000,90.000000,top
"C163","C","C_0603_1608Metric",570.060000,-106.685000,90.000000,top
"C164","C","C_0603_1608Metric",572.460000,-106.685000,90.000000,top
"C165","C","C_0603_1608Metric",574.860000,-106.685000,90.000000,top
"C166","C","C_0603_1608Metric",577.260000,-106.685000,90.000000,top
"C167","C","C_0603_1608Metric",579.660000,-106.685000,90.000000,top
"C168","C","C_0603_1608Metric",582.060000,-106.685000,90.000000,top
"C169","C","C_0603_1608Metric",584.460000,-106.685000,90.000000,top
"C170","C","C_0603_1608Metric",586.860000,-106.685000,90.000000,top
"C171","C","C_0603_1608Metric",589.260000,-106.685000,90.000000,top
"C172","C","C_0603_1608Metric",591.660000,-106.685000,90.000000,top
"C173","C","C_0603_1608Metric",594.060000,-106.685000,90.000000,top
"C174","C","C_0603_1608Metric",596.460000,-106.685000,90.000000,top
"C175","C","C_0603_1608Metric",598.860000,-106.685000,90.000000,top
"C176","C","C_0603_1608Metric",601.260000,-106.685000,90.000000,top
"C177","C","C_0603_1608Metric",603.660000,-106.685000,90.000000,top
"C178","C","C_0603_1608Metric",606.060000,-106.685000,90.000000,top
"C179","C","C_0603_1608Metric",608.460000,-106.685000,90.000000,top
"C180","C","C_0603_1608Metric",610.860000,-106.685000,90.000000,top
"C181","C","C_0603_1608Metric",613.260000,-106.685000,90.000000,top
"C182","C","C_0603_1608Metric",615.660000,-106.685000,90.000000,top
"C183","C","C_0603_1608Metric",618.060000,-106.685000,90.000000,top
"C184","C","C_0603_1608Metric",620.460000,-106.685000,90.000000,top
"C185","C","C_0603_1608Metric",622.860000,-106.685000,90.000000,top
"C186","C","C_0603_1608Metric",625.260000,-106.685000,90.000000,top
"C187","C","C_0603_1608Metric",627.660000,-106.685000,90.000000,top
"C188","C","C_0603_1608Metric",630.060000,-106.685000,90.000000,top
"C189","C","C_0603_1608Metric",632.460000,-106.685000,90.000000,top
"C190","C","C_0603_1608Metric",634.860000,-106.685000,90.000000,top
"C191","C","C_0603_1608Metric",637.260000,-106.685000,90.000000,top
"C192","C","C_0603_1608Metric",639.660000,-106.685000,90.000000,top
"C193","C","C_0603_1608Metric",642.060000,-106.685000,90.000000,top
"C194","C","C_0603_1608Metric",644.460000,-106.685000,90.000000,top
"C195","C","C_0603_1608Metric",646.860000,-106.685000,90.000000,top
"C196","C","C_0603_1608Metric",649.260000,-106.685000,90.000000,top
"C197","C","C_0603_1608Metric",651.660000,-106.685000,90.000000,top
"C198","C","C_0603_1608Metric",654.060000,-106.685000,90.000000,top
"C199","C","C_0603_1608Metric",656.460000,-106.685000,90.000000,top
"C200","C","C_0603_1608Metric",658.860000,-106.685000,90.000000,top
"R1","0","R_0603_1608Metric",419.130000,-114.710000,0.000000,top
"R2","0","R_0603_1608Metric",539.160000,-114.620000,0.000000,top
"R3","0","R_0603_1608Metric",299.140000,-114.500000,0.000000,top
"U1","WS2812-2020","LED_WS2812-2020",181.260000,-111.173522,90.000000,top
"U2","WS2812-2020","LED_WS2812-2020",183.660000,-111.173522,90.000000,top
"U3","WS2812-2020","LED_WS2812-2020",186.060000,-111.173522,90.000000,top
"U4","WS2812-2020","LED_WS2812-2020",188.460000,-111.173522,90.000000,top
"U5","WS2812-2020","LED_WS2812-2020",190.860000,-111.173522,90.000000,top
"U6","WS2812-2020","LED_WS2812-2020",193.260000,-111.173522,90.000000,top
"U7","WS2812-2020","LED_WS2812-2020",195.660000,-111.173522,90.000000,top
"U8","WS2812-2020","LED_WS2812-2020",198.060000,-111.173522,90.000000,top
"U9","WS2812-2020","LED_WS2812-2020",200.460000,-111.173522,90.000000,top
"U10","WS2812-2020","LED_WS2812-2020",202.860000,-111.173522,90.000000,top
"U11","WS2812-2020","LED_WS2812-2020",205.260000,-111.173522,90.000000,top
"U12","WS2812-2020","LED_WS2812-2020",207.660000,-111.173522,90.000000,top
"U13","WS2812-2020","LED_WS2812-2020",210.060000,-111.173522,90.000000,top
"U14","WS2812-2020","LED_WS2812-2020",212.460000,-111.173522,90.000000,top
"U15","WS2812-2020","LED_WS2812-2020",214.860000,-111.173522,90.000000,top
"U16","WS2812-2020","LED_WS2812-2020",217.260000,-111.173522,90.000000,top
"U17","WS2812-2020","LED_WS2812-2020",219.660000,-111.173522,90.000000,top
"U18","WS2812-2020","LED_WS2812-2020",222.060000,-111.173522,90.000000,top
"U19","WS2812-2020","LED_WS2812-2020",224.460000,-111.173522,90.000000,top
"U20","WS2812-2020","LED_WS2812-2020",226.860000,-111.173522,90.000000,top
"U21","WS2812-2020","LED_WS2812-2020",229.260000,-111.173522,90.000000,top
"U22","WS2812-2020","LED_WS2812-2020",231.660000,-111.173522,90.000000,top
"U23","WS2812-2020","LED_WS2812-2020",234.060000,-111.173522,90.000000,top
"U24","WS2812-2020","LED_WS2812-2020",236.460000,-111.173522,90.000000,top
"U25","WS2812-2020","LED_WS2812-2020",238.860000,-111.173522,90.000000,top
"U26","WS2812-2020","LED_WS2812-2020",241.260000,-111.173522,90.000000,top
"U27","WS2812-2020","LED_WS2812-2020",243.660000,-111.173522,90.000000,top
"U28","WS2812-2020","LED_WS2812-2020",246.060000,-111.173522,90.000000,top
"U29","WS2812-2020","LED_WS2812-2020",248.460000,-111.173522,90.000000,top
"U30","WS2812-2020","LED_WS2812-2020",250.860000,-111.173522,90.000000,top
"U31","WS2812-2020","LED_WS2812-2020",253.260000,-111.173522,90.000000,top
"U32","WS2812-2020","LED_WS2812-2020",255.660000,-111.173522,90.000000,top
"U33","WS2812-2020","LED_WS2812-2020",258.060000,-111.173522,90.000000,top
"U34","WS2812-2020","LED_WS2812-2020",260.460000,-111.173522,90.000000,top
"U35","WS2812-2020","LED_WS2812-2020",262.860000,-111.173522,90.000000,top
"U36","WS2812-2020","LED_WS2812-2020",265.260000,-111.173522,90.000000,top
"U37","WS2812-2020","LED_WS2812-2020",267.660000,-111.173522,90.000000,top
"U38","WS2812-2020","LED_WS2812-2020",270.060000,-111.173522,90.000000,top
"U39","WS2812-2020","LED_WS2812-2020",272.460000,-111.173522,90.000000,top
"U40","WS2812-2020","LED_WS2812-2020",274.860000,-111.173522,90.000000,top
"U41","WS2812-2020","LED_WS2812-2020",277.260000,-111.173522,90.000000,top
"U42","WS2812-2020","LED_WS2812-2020",279.660000,-111.173522,90.000000,top
"U43","WS2812-2020","LED_WS2812-2020",282.060000,-111.173522,90.000000,top
"U44","WS2812-2020","LED_WS2812-2020",284.460000,-111.173522,90.000000,top
"U45","WS2812-2020","LED_WS2812-2020",286.860000,-111.173522,90.000000,top
"U46","WS2812-2020","LED_WS2812-2020",289.260000,-111.173522,90.000000,top
"U47","WS2812-2020","LED_WS2812-2020",291.660000,-111.173522,90.000000,top
"U48","WS2812-2020","LED_WS2812-2020",294.060000,-111.173522,90.000000,top
"U49","WS2812-2020","LED_WS2812-2020",296.460000,-111.173522,90.000000,top
"U50","WS2812-2020","LED_WS2812-2020",298.860000,-111.173522,90.000000,top
"U51","WS2812-2020","LED_WS2812-2020",301.260000,-111.173522,90.000000,top
"U52","WS2812-2020","LED_WS2812-2020",303.660000,-111.173522,90.000000,top
"U53","WS2812-2020","LED_WS2812-2020",306.060000,-111.173522,90.000000,top
"U54","WS2812-2020","LED_WS2812-2020",308.460000,-111.173522,90.000000,top
"U55","WS2812-2020","LED_WS2812-2020",310.860000,-111.173522,90.000000,top
"U56","WS2812-2020","LED_WS2812-2020",313.260000,-111.173522,90.000000,top
"U57","WS2812-2020","LED_WS2812-2020",315.660000,-111.173522,90.000000,top
"U58","WS2812-2020","LED_WS2812-2020",318.060000,-111.173522,90.000000,top
"U59","WS2812-2020","LED_WS2812-2020",320.460000,-111.173522,90.000000,top
"U60","WS2812-2020","LED_WS2812-2020",322.860000,-111.173522,90.000000,top
"U61","WS2812-2020","LED_WS2812-2020",325.260000,-111.173522,90.000000,top
"U62","WS2812-2020","LED_WS2812-2020",327.660000,-111.173522,90.000000,top
"U63","WS2812-2020","LED_WS2812-2020",330.060000,-111.173522,90.000000,top
"U64","WS2812-2020","LED_WS2812-2020",332.460000,-111.173522,90.000000,top
"U65","WS2812-2020","LED_WS2812-2020",334.860000,-111.173522,90.000000,top
"U66","WS2812-2020","LED_WS2812-2020",337.260000,-111.173522,90.000000,top
"U67","WS2812-2020","LED_WS2812-2020",339.660000,-111.173522,90.000000,top
"U68","WS2812-2020","LED_WS2812-2020",342.060000,-111.173522,90.000000,top
"U69","WS2812-2020","LED_WS2812-2020",344.460000,-111.173522,90.000000,top
"U70","WS2812-2020","LED_WS2812-2020",346.860000,-111.173522,90.000000,top
"U71","WS2812-2020","LED_WS2812-2020",349.260000,-111.173522,90.000000,top
"U72","WS2812-2020","LED_WS2812-2020",351.660000,-111.173522,90.000000,top
"U73","WS2812-2020","LED_WS2812-2020",354.060000,-111.173522,90.000000,top
"U74","WS2812-2020","LED_WS2812-2020",356.460000,-111.173522,90.000000,top
"U75","WS2812-2020","LED_WS2812-2020",358.860000,-111.173522,90.000000,top
"U76","WS2812-2020","LED_WS2812-2020",361.260000,-111.173522,90.000000,top
"U77","WS2812-2020","LED_WS2812-2020",363.660000,-111.173522,90.000000,top
"U78","WS2812-2020","LED_WS2812-2020",366.060000,-111.173522,90.000000,top
"U79","WS2812-2020","LED_WS2812-2020",368.460000,-111.173522,90.000000,top
"U80","WS2812-2020","LED_WS2812-2020",370.860000,-111.173522,90.000000,top
"U81","WS2812-2020","LED_WS2812-2020",373.260000,-111.173522,90.000000,top
"U82","WS2812-2020","LED_WS2812-2020",375.660000,-111.173522,90.000000,top
"U83","WS2812-2020","LED_WS2812-2020",378.060000,-111.173522,90.000000,top
"U84","WS2812-2020","LED_WS2812-2020",380.460000,-111.173522,90.000000,top
"U85","WS2812-2020","LED_WS2812-2020",382.860000,-111.173522,90.000000,top
"U86","WS2812-2020","LED_WS2812-2020",385.260000,-111.173522,90.000000,top
"U87","WS2812-2020","LED_WS2812-2020",387.660000,-111.173522,90.000000,top
"U88","WS2812-2020","LED_WS2812-2020",390.060000,-111.173522,90.000000,top
"U89","WS2812-2020","LED_WS2812-2020",392.460000,-111.173522,90.000000,top
"U90","WS2812-2020","LED_WS2812-2020",394.860000,-111.173522,90.000000,top
"U91","WS2812-2020","LED_WS2812-2020",397.260000,-111.173522,90.000000,top
"U92","WS2812-2020","LED_WS2812-2020",399.660000,-111.173522,90.000000,top
"U93","WS2812-2020","LED_WS2812-2020",402.060000,-111.173522,90.000000,top
"U94","WS2812-2020","LED_WS2812-2020",404.460000,-111.173522,90.000000,top
"U95","WS2812-2020","LED_WS2812-2020",406.860000,-111.173522,90.000000,top
"U96","WS2812-2020","LED_WS2812-2020",409.260000,-111.173522,90.000000,top
"U97","WS2812-2020","LED_WS2812-2020",411.660000,-111.173522,90.000000,top
"U98","WS2812-2020","LED_WS2812-2020",414.060000,-111.173522,90.000000,top
"U99","WS2812-2020","LED_WS2812-2020",416.460000,-111.173522,90.000000,top
"U100","WS2812-2020","LED_WS2812-2020",418.860000,-111.173522,90.000000,top
"U101","WS2812-2020","LED_WS2812-2020",421.260000,-111.173522,90.000000,top
"U102","WS2812-2020","LED_WS2812-2020",423.660000,-111.173522,90.000000,top
"U103","WS2812-2020","LED_WS2812-2020",426.060000,-111.173522,90.000000,top
"U104","WS2812-2020","LED_WS2812-2020",428.460000,-111.173522,90.000000,top
"U105","WS2812-2020","LED_WS2812-2020",430.860000,-111.173522,90.000000,top
"U106","WS2812-2020","LED_WS2812-2020",433.260000,-111.173522,90.000000,top
"U107","WS2812-2020","LED_WS2812-2020",435.660000,-111.173522,90.000000,top
"U108","WS2812-2020","LED_WS2812-2020",438.060000,-111.173522,90.000000,top
"U109","WS2812-2020","LED_WS2812-2020",440.460000,-111.173522,90.000000,top
"U110","WS2812-2020","LED_WS2812-2020",442.860000,-111.173522,90.000000,top
"U111","WS2812-2020","LED_WS2812-2020",445.260000,-111.173522,90.000000,top
"U112","WS2812-2020","LED_WS2812-2020",447.660000,-111.173522,90.000000,top
"U113","WS2812-2020","LED_WS2812-2020",450.060000,-111.173522,90.000000,top
"U114","WS2812-2020","LED_WS2812-2020",452.460000,-111.173522,90.000000,top
"U115","WS2812-2020","LED_WS2812-2020",454.859999,-111.173522,90.000000,top
"U116","WS2812-2020","LED_WS2812-2020",457.260000,-111.173522,90.000000,top
"U117","WS2812-2020","LED_WS2812-2020",459.660000,-111.173522,90.000000,top
"U118","WS2812-2020","LED_WS2812-2020",462.060000,-111.173522,90.000000,top
"U119","WS2812-2020","LED_WS2812-2020",464.460000,-111.173522,90.000000,top
"U120","WS2812-2020","LED_WS2812-2020",466.859999,-111.173522,90.000000,top
"U121","WS2812-2020","LED_WS2812-2020",469.260000,-111.173522,90.000000,top
"U122","WS2812-2020","LED_WS2812-2020",471.660000,-111.173522,90.000000,top
"U123","WS2812-2020","LED_WS2812-2020",474.060000,-111.173522,90.000000,top
"U124","WS2812-2020","LED_WS2812-2020",476.460000,-111.173522,90.000000,top
"U125","WS2812-2020","LED_WS2812-2020",478.859999,-111.173522,90.000000,top
"U126","WS2812-2020","LED_WS2812-2020",481.260000,-111.173522,90.000000,top
"U127","WS2812-2020","LED_WS2812-2020",483.660000,-111.173522,90.000000,top
"U128","WS2812-2020","LED_WS2812-2020",486.060000,-111.173522,90.000000,top
"U129","WS2812-2020","LED_WS2812-2020",488.460000,-111.173522,90.000000,top
"U130","WS2812-2020","LED_WS2812-2020",490.859999,-111.173522,90.000000,top
"U131","WS2812-2020","LED_WS2812-2020",493.260000,-111.173522,90.000000,top
"U132","WS2812-2020","LED_WS2812-2020",495.660000,-111.173522,90.000000,top
"U133","WS2812-2020","LED_WS2812-2020",498.060000,-111.173522,90.000000,top
"U134","WS2812-2020","LED_WS2812-2020",500.460000,-111.173522,90.000000,top
"U135","WS2812-2020","LED_WS2812-2020",502.860000,-111.173522,90.000000,top
"U136","WS2812-2020","LED_WS2812-2020",505.260000,-111.173522,90.000000,top
"U137","WS2812-2020","LED_WS2812-2020",507.660000,-111.173522,90.000000,top
"U138","WS2812-2020","LED_WS2812-2020",510.060000,-111.173522,90.000000,top
"U139","WS2812-2020","LED_WS2812-2020",512.460000,-111.173522,90.000000,top
"U140","WS2812-2020","LED_WS2812-2020",514.860000,-111.173522,90.000000,top
"U141","WS2812-2020","LED_WS2812-2020",517.260000,-111.173522,90.000000,top
"U142","WS2812-2020","LED_WS2812-2020",519.660000,-111.173522,90.000000,top
"U143","WS2812-2020","LED_WS2812-2020",522.060000,-111.173522,90.000000,top
"U144","WS2812-2020","LED_WS2812-2020",524.460000,-111.173522,90.000000,top
"U145","WS2812-2020","LED_WS2812-2020",526.860000,-111.173522,90.000000,top
"U146","WS2812-2020","LED_WS2812-2020",529.260000,-111.173522,90.000000,top
"U147","WS2812-2020","LED_WS2812-2020",531.660000,-111.173522,90.000000,top
"U148","WS2812-2020","LED_WS2812-2020",534.060000,-111.173522,90.000000,top
"U149","WS2812-2020","LED_WS2812-2020",536.460000,-111.173522,90.000000,top
"U150","WS2812-2020","LED_WS2812-2020",538.860000,-111.173522,90.000000,top
"U151","WS2812-2020","LED_WS2812-2020",541.260000,-111.173522,90.000000,top
"U152","WS2812-2020","LED_WS2812-2020",543.660000,-111.173522,90.000000,top
"U153","WS2812-2020","LED_WS2812-2020",546.060000,-111.173522,90.000000,top
"U154","WS2812-2020","LED_WS2812-2020",548.460000,-111.173522,90.000000,top
"U155","WS2812-2020","LED_WS2812-2020",550.860000,-111.173522,90.000000,top
"U156","WS2812-2020","LED_WS2812-2020",553.260000,-111.173522,90.000000,top
"U157","WS2812-2020","LED_WS2812-2020",555.660000,-111.173522,90.000000,top
"U158","WS2812-2020","LED_WS2812-2020",558.060000,-111.173522,90.000000,top
"U159","WS2812-2020","LED_WS2812-2020",560.460000,-111.173522,90.000000,top
"U160","WS2812-2020","LED_WS2812-2020",562.860000,-111.173522,90.000000,top
"U161","WS2812-2020","LED_WS2812-2020",565.260000,-111.173522,90.000000,top
"U162","WS2812-2020","LED_WS2812-2020",567.660000,-111.173522,90.000000,top
"U163","WS2812-2020","LED_WS2812-2020",570.060000,-111.173522,90.000000,top
"U164","WS2812-2020","LED_WS2812-2020",572.460000,-111.173522,90.000000,top
"U165","WS2812-2020","LED_WS2812-2020",574.860000,-111.173522,90.000000,top
"U166","WS2812-2020","LED_WS2812-2020",577.260000,-111.173522,90.000000,top
"U167","WS2812-2020","LED_WS2812-2020",579.660000,-111.173522,90.000000,top
"U168","WS2812-2020","LED_WS2812-2020",582.060000,-111.173522,90.000000,top
"U169","WS2812-2020","LED_WS2812-2020",584.460000,-111.173522,90.000000,top
"U170","WS2812-2020","LED_WS2812-2020",586.860000,-111.173522,90.000000,top
"U171","WS2812-2020","LED_WS2812-2020",589.260000,-111.173522,90.000000,top
"U172","WS2812-2020","LED_WS2812-2020",591.660000,-111.173522,90.000000,top
"U173","WS2812-2020","LED_WS2812-2020",594.060000,-111.173522,90.000000,top
"U174","WS2812-2020","LED_WS2812-2020",596.460000,-111.173522,90.000000,top
"U175","WS2812-2020","LED_WS2812-2020",598.860000,-111.173522,90.000000,top
"U176","WS2812-2020","LED_WS2812-2020",601.260000,-111.173522,90.000000,top
"U177","WS2812-2020","LED_WS2812-2020",603.660000,-111.173522,90.000000,top
"U178","WS2812-2020","LED_WS2812-2020",606.060000,-111.173522,90.000000,top
"U179","WS2812-2020","LED_WS2812-2020",608.460000,-111.173522,90.000000,top
"U180","WS2812-2020","LED_WS2812-2020",610.860000,-111.173522,90.000000,top
"U181","WS2812-2020","LED_WS2812-2020",613.260000,-111.173522,90.000000,top
"U182","WS2812-2020","LED_WS2812-2020",615.660000,-111.173522,90.000000,top
"U183","WS2812-2020","LED_WS2812-2020",618.060000,-111.173522,90.000000,top
"U184","WS2812-2020","LED_WS2812-2020",620.460000,-111.173522,90.000000,top
"U185","WS2812-2020","LED_WS2812-2020",622.860000,-111.173522,90.000000,top
"U186","WS2812-2020","LED_WS2812-2020",625.260000,-111.173522,90.000000,top
"U187","WS2812-2020","LED_WS2812-2020",627.660000,-111.173522,90.000000,top
"U188","WS2812-2020","LED_WS2812-2020",630.060000,-111.173522,90.000000,top
"U189","WS2812-2020","LED_WS2812-2020",632.460000,-111.173522,90.000000,top
"U190","WS2812-2020","LED_WS2812-2020",634.860000,-111.173522,90.000000,top
"U191","WS2812-2020","LED_WS2812-2020",637.260000,-111.173522,90.000000,top
"U192","WS2812-2020","LED_WS2812-2020",639.660000,-111.173522,90.000000,top
"U193","WS2812-2020","LED_WS2812-2020",642.060000,-111.173522,90.000000,top
"U194","WS2812-2020","LED_WS2812-2020",644.460000,-111.173522,90.000000,top
"U195","WS2812-2020","LED_WS2812-2020",646.860000,-111.173522,90.000000,top
"U196","WS2812-2020","LED_WS2812-2020",649.260000,-111.173522,90.000000,top
"U197","WS2812-2020","LED_WS2812-2020",651.660000,-111.173522,90.000000,top
"U198","WS2812-2020","LED_WS2812-2020",654.060000,-111.173522,90.000000,top
"U199","WS2812-2020","LED_WS2812-2020",656.460000,-111.173522,90.000000,top
"U200","WS2812-2020","LED_WS2812-2020",658.860000,-111.173522,90.000000,top
